Research Project,Required Materials,Required Skills,Crafting Unlocked,Required Research,Research Project,Required Materials,Required Skills,Crafting Unlocked,Required Research,Research Project,Required Materials,Required Skills,Crafting Unlocked,Required Research,Research Project,Required Materials,Required Skills,Crafting Unlocked,Required Research,Research Project,Required Materials,Required Skills,Crafting Unlocked,Required Research
Medical Treatment 1,Aluminum x 2 Amino Acids x 2 Antimicrobial x 3,None,Antibiotic Paste Infused Bandages,None,Medical Treatment 1,Aluminum x 2 Amino Acids x 2 Antimicrobial x 3,None,Antibiotic Paste Infused Bandages,None,Medical Treatment 1,Aluminum x 2 Amino Acids x 2 Antimicrobial x 3,None,Antibiotic Paste Infused Bandages,None,Medical Treatment 1,Aluminum x 2 Amino Acids x 2 Antimicrobial x 3,None,Antibiotic Paste Infused Bandages,None,Medical Treatment 1,Aluminum x 2 Amino Acids x 2 Antimicrobial x 3,None,Antibiotic Paste Infused Bandages,None
Medical Treatment 2,Amino Acids x 10 Analgesic x 10 Antimicrobial x 10 Battlestim x 5 Heart + x 5,Rank 1,Analgesic Poultice Boudicca,Medical Treatment 1,Medical Treatment 2,Amino Acids x 10 Analgesic x 10 Antimicrobial x 10 Battlestim x 5 Heart + x 5,Rank 1,Analgesic Poultice Boudicca,Medical Treatment 1,Medical Treatment 2,Amino Acids x 10 Analgesic x 10 Antimicrobial x 10 Battlestim x 5 Heart + x 5,Rank 1,Analgesic Poultice Boudicca,Medical Treatment 1,Medical Treatment 2,Amino Acids x 10 Analgesic x 10 Antimicrobial x 10 Battlestim x 5 Heart + x 5,Rank 1,Analgesic Poultice Boudicca,Medical Treatment 1,Medical Treatment 2,Amino Acids x 10 Analgesic x 10 Antimicrobial x 10 Battlestim x 5 Heart + x 5,Rank 1,Analgesic Poultice Boudicca,Medical Treatment 1
Medical Treatment 3,Antibiotics x 10 Metabolic Agent x 20 Sealant x 10 Sedative x 10,Rank 2,Antibiotic Injector Repairing Immobilizer,Medical Treatment 2,Medical Treatment 3,Antibiotics x 10 Metabolic Agent x 20 Sealant x 10 Sedative x 10,Rank 2,Antibiotic Injector Repairing Immobilizer,Medical Treatment 2,Medical Treatment 3,Antibiotics x 10 Metabolic Agent x 20 Sealant x 10 Sedative x 10,Rank 2,Antibiotic Injector Repairing Immobilizer,Medical Treatment 2,Medical Treatment 3,Antibiotics x 10 Metabolic Agent x 20 Sealant x 10 Sedative x 10,Rank 2,Antibiotic Injector Repairing Immobilizer,Medical Treatment 2,Medical Treatment 3,Antibiotics x 10 Metabolic Agent x 20 Sealant x 10 Sedative x 10,Rank 2,Antibiotic Injector Repairing Immobilizer,Medical Treatment 2
Medical Treatment 4,Immunostimulant x 2 Membrane x 8 Heart+ x 4 Trauma Pack x 4,Rank 3,,Medical Treatment 3,Medical Treatment 4,Immunostimulant x 2 Membrane x 8 Heart+ x 4 Trauma Pack x 4,Rank 3,,Medical Treatment 3,Medical Treatment 4,Immunostimulant x 2 Membrane x 8 Heart+ x 4 Trauma Pack x 4,Rank 3,,Medical Treatment 3,Medical Treatment 4,Immunostimulant x 2 Membrane x 8 Heart+ x 4 Trauma Pack x 4,Rank 3,,Medical Treatment 3,Medical Treatment 4,Immunostimulant x 2 Membrane x 8 Heart+ x 4 Trauma Pack x 4,Rank 3,,Medical Treatment 3
Innovative Synthesis 1,Alien Genetic Material x 1 Carboxylic Acids x 2 Mercury x 4 Solvent x 2 Tetrafluorides x 2,Chemistry Rank 3 Special Projects Rank 1,,,Innovative Synthesis 1,Alien Genetic Material x 1 Carboxylic Acids x 2 Mercury x 4 Solvent x 2 Tetrafluorides x 2,Chemistry Rank 3 Special Projects Rank 1,,,Innovative Synthesis 1,Alien Genetic Material x 1 Carboxylic Acids x 2 Mercury x 4 Solvent x 2 Tetrafluorides x 2,Chemistry Rank 3 Special Projects Rank 1,,,Innovative Synthesis 1,Alien Genetic Material x 1 Carboxylic Acids x 2 Mercury x 4 Solvent x 2 Tetrafluorides x 2,Chemistry Rank 3 Special Projects Rank 1,,,Innovative Synthesis 1,Alien Genetic Material x 1 Carboxylic Acids x 2 Mercury x 4 Solvent x 2 Tetrafluorides x 2,Chemistry Rank 3 Special Projects Rank 1,,
Innovative Synthesis 2,Alien Genetic Material x 2 Carboxylic Acids x 4 Mercury x 4 Solvent x 2 Aurora x 2 Dwarf Star Heart x 2,,,Innovative Synthesis 1,Innovative Synthesis 2,Alien Genetic Material x 2 Carboxylic Acids x 4 Mercury x 4 Solvent x 2 Aurora x 2 Dwarf Star Heart x 2,,,Innovative Synthesis 1,Innovative Synthesis 2,Alien Genetic Material x 2 Carboxylic Acids x 4 Mercury x 4 Solvent x 2 Aurora x 2 Dwarf Star Heart x 2,,,Innovative Synthesis 1,Innovative Synthesis 2,Alien Genetic Material x 2 Carboxylic Acids x 4 Mercury x 4 Solvent x 2 Aurora x 2 Dwarf Star Heart x 2,,,Innovative Synthesis 1,Innovative Synthesis 2,Alien Genetic Material x 2 Carboxylic Acids x 4 Mercury x 4 Solvent x 2 Aurora x 2 Dwarf Star Heart x 2,,,Innovative Synthesis 1
Innovative Synthesis 3,,,,Innovative Synthesis 2,Innovative Synthesis 3,,,,Innovative Synthesis 2,Innovative Synthesis 3,,,,Innovative Synthesis 2,Innovative Synthesis 3,,,,Innovative Synthesis 2,Innovative Synthesis 3,,,,Innovative Synthesis 2
Performance Enhancement 1,Argon x 2 Metabolic Agent x 3 Tetrafluorides x 2,None,AMP Red Trench,None,Performance Enhancement 1,Argon x 2 Metabolic Agent x 3 Tetrafluorides x 2,None,AMP Red Trench,None,Performance Enhancement 1,Argon x 2 Metabolic Agent x 3 Tetrafluorides x 2,None,AMP Red Trench,None,Performance Enhancement 1,Argon x 2 Metabolic Agent x 3 Tetrafluorides x 2,None,AMP Red Trench,None,Performance Enhancement 1,Argon x 2 Metabolic Agent x 3 Tetrafluorides x 2,None,AMP Red Trench,None
Performance Enhancement 2,Carboxylic Acids x 10 Hippolyta x 5 Infantry Alpha x 5 Membrane x 5 Solvent x 10,Rank 1,Panopticon Paramour,Performance Enhancement 1,Performance Enhancement 2,Carboxylic Acids x 10 Hippolyta x 5 Infantry Alpha x 5 Membrane x 5 Solvent x 10,Rank 1,Panopticon Paramour,Performance Enhancement 1,Performance Enhancement 2,Carboxylic Acids x 10 Hippolyta x 5 Infantry Alpha x 5 Membrane x 5 Solvent x 10,Rank 1,Panopticon Paramour,Performance Enhancement 1,Performance Enhancement 2,Carboxylic Acids x 10 Hippolyta x 5 Infantry Alpha x 5 Membrane x 5 Solvent x 10,Rank 1,Panopticon Paramour,Performance Enhancement 1,Performance Enhancement 2,Carboxylic Acids x 10 Hippolyta x 5 Infantry Alpha x 5 Membrane x 5 Solvent x 10,Rank 1,Panopticon Paramour,Performance Enhancement 1
Performance Enhancement 3,Ionic Liquids x 4 Stimulant x 4 Toxin x 4 Squall x 2 Synapse Alpha x 2,,,Performance Enhancement 2,Performance Enhancement 3,Ionic Liquids x 4 Stimulant x 4 Toxin x 4 Squall x 2 Synapse Alpha x 2,,,Performance Enhancement 2,Performance Enhancement 3,Ionic Liquids x 4 Stimulant x 4 Toxin x 4 Squall x 2 Synapse Alpha x 2,,,Performance Enhancement 2,Performance Enhancement 3,Ionic Liquids x 4 Stimulant x 4 Toxin x 4 Squall x 2 Synapse Alpha x 2,,,Performance Enhancement 2,Performance Enhancement 3,Ionic Liquids x 4 Stimulant x 4 Toxin x 4 Squall x 2 Synapse Alpha x 2,,,Performance Enhancement 2
Performance Enhancement 4,Stimulant x 8 Aurora x 4 CQB-X x 4 Squall x 4 Whiteout x 3,,,Performance Enhancement 3,Performance Enhancement 4,Stimulant x 8 Aurora x 4 CQB-X x 4 Squall x 4 Whiteout x 3,,,Performance Enhancement 3,Performance Enhancement 4,Stimulant x 8 Aurora x 4 CQB-X x 4 Squall x 4 Whiteout x 3,,,Performance Enhancement 3,Performance Enhancement 4,Stimulant x 8 Aurora x 4 CQB-X x 4 Squall x 4 Whiteout x 3,,,Performance Enhancement 3,Performance Enhancement 4,Stimulant x 8 Aurora x 4 CQB-X x 4 Squall x 4 Whiteout x 3,,,Performance Enhancement 3
,,,,,,,,,,,,,,,,,,,,,,,,
Beverage Development 1,Water x 3 Fiber x 3 Spice x 2,None,Alien Tonic Boba Alien Tea Yellow Giant Splash,None,Beverage Development 1,Water x 3 Fiber x 3 Spice x 2,None,Alien Tonic Boba Alien Tea Yellow Giant Splash,None,Beverage Development 1,Water x 3 Fiber x 3 Spice x 2,None,Alien Tonic Boba Alien Tea Yellow Giant Splash,None,Beverage Development 1,Water x 3 Fiber x 3 Spice x 2,None,Alien Tonic Boba Alien Tea Yellow Giant Splash,None,Beverage Development 1,Water x 3 Fiber x 3 Spice x 2,None,Alien Tonic Boba Alien Tea Yellow Giant Splash,None
Beverage Development 2,Aromatic x 5 Benzene x 5 Metabolic Agent x 10 Spice x 5 Tranquilitea Sunray x 5,Rank 1,Alien Energy Drink Sunray Tonic,Beverage Development 1,Beverage Development 2,Aromatic x 5 Benzene x 5 Metabolic Agent x 10 Spice x 5 Tranquilitea Sunray x 5,Rank 1,Alien Energy Drink Sunray Tonic,Beverage Development 1,Beverage Development 2,Aromatic x 5 Benzene x 5 Metabolic Agent x 10 Spice x 5 Tranquilitea Sunray x 5,Rank 1,Alien Energy Drink Sunray Tonic,Beverage Development 1,Beverage Development 2,Aromatic x 5 Benzene x 5 Metabolic Agent x 10 Spice x 5 Tranquilitea Sunray x 5,Rank 1,Alien Energy Drink Sunray Tonic,Beverage Development 1,Beverage Development 2,Aromatic x 5 Benzene x 5 Metabolic Agent x 10 Spice x 5 Tranquilitea Sunray x 5,Rank 1,Alien Energy Drink Sunray Tonic,Beverage Development 1
Beverage Development 3,Spice x 4 Nutrient x 4 Dairy x 4 Fiber x 8 Water x 8 Cafe x 4,,Alien Broth Bullet Coffee,Beverage Development 2,Beverage Development 3,Spice x 4 Nutrient x 4 Dairy x 4 Fiber x 8 Water x 8 Cafe x 4,,Alien Broth Bullet Coffee,Beverage Development 2,Beverage Development 3,Spice x 4 Nutrient x 4 Dairy x 4 Fiber x 8 Water x 8 Cafe x 4,,Alien Broth Bullet Coffee,Beverage Development 2,Beverage Development 3,Spice x 4 Nutrient x 4 Dairy x 4 Fiber x 8 Water x 8 Cafe x 4,,Alien Broth Bullet Coffee,Beverage Development 2,Beverage Development 3,Spice x 4 Nutrient x 4 Dairy x 4 Fiber x 8 Water x 8 Cafe x 4,,Alien Broth Bullet Coffee,Beverage Development 2
Beverage Development 4,Spice x 12 Tea x 4 Water x 12 BOOM POP! Black Licorice x 4 BOOM POP! Root Beer x 8 BOOM POP! Cola x 8,,Chai Latte Boom Pop! Dynamite,Beverage Development 3,Beverage Development 4,Spice x 12 Tea x 4 Water x 12 BOOM POP! Black Licorice x 4 BOOM POP! Root Beer x 8 BOOM POP! Cola x 8,,Chai Latte Boom Pop! Dynamite,Beverage Development 3,Beverage Development 4,Spice x 12 Tea x 4 Water x 12 BOOM POP! Black Licorice x 4 BOOM POP! Root Beer x 8 BOOM POP! Cola x 8,,Chai Latte Boom Pop! Dynamite,Beverage Development 3,Beverage Development 4,Spice x 12 Tea x 4 Water x 12 BOOM POP! Black Licorice x 4 BOOM POP! Root Beer x 8 BOOM POP! Cola x 8,,Chai Latte Boom Pop! Dynamite,Beverage Development 3,Beverage Development 4,Spice x 12 Tea x 4 Water x 12 BOOM POP! Black Licorice x 4 BOOM POP! Root Beer x 8 BOOM POP! Cola x 8,,Chai Latte Boom Pop! Dynamite,Beverage Development 3
Mixology 1,Alkanes x 2 Aromatic x 2 Spice x 3,None,Alien Liquor,None,Mixology 1,Alkanes x 2 Aromatic x 2 Spice x 3,None,Alien Liquor,None,Mixology 1,Alkanes x 2 Aromatic x 2 Spice x 3,None,Alien Liquor,None,Mixology 1,Alkanes x 2 Aromatic x 2 Spice x 3,None,Alien Liquor,None,Mixology 1,Alkanes x 2 Aromatic x 2 Spice x 3,None,Alien Liquor,None
Mixology 2,Aromatic x 10 Can-uck! Poutine x 5 Liquor x 5 Spice x 10,Rank 1,Colonel's Choice Lumberjack Julep,Mixology 1,Mixology 2,Aromatic x 10 Can-uck! Poutine x 5 Liquor x 5 Spice x 10,Rank 1,Colonel's Choice Lumberjack Julep,Mixology 1,Mixology 2,Aromatic x 10 Can-uck! Poutine x 5 Liquor x 5 Spice x 10,Rank 1,Colonel's Choice Lumberjack Julep,Mixology 1,Mixology 2,Aromatic x 10 Can-uck! Poutine x 5 Liquor x 5 Spice x 10,Rank 1,Colonel's Choice Lumberjack Julep,Mixology 1,Mixology 2,Aromatic x 10 Can-uck! Poutine x 5 Liquor x 5 Spice x 10,Rank 1,Colonel's Choice Lumberjack Julep,Mixology 1
Mixology 3,Aromatic x 8 Dairy x 4 Liquor x 4 Soda x 4,,Disastrous Shipwreck Very Heavy Water,Mixology 2,Mixology 3,Aromatic x 8 Dairy x 4 Liquor x 4 Soda x 4,,Disastrous Shipwreck Very Heavy Water,Mixology 2,Mixology 3,Aromatic x 8 Dairy x 4 Liquor x 4 Soda x 4,,Disastrous Shipwreck Very Heavy Water,Mixology 2,Mixology 3,Aromatic x 8 Dairy x 4 Liquor x 4 Soda x 4,,Disastrous Shipwreck Very Heavy Water,Mixology 2,Mixology 3,Aromatic x 8 Dairy x 4 Liquor x 4 Soda x 4,,Disastrous Shipwreck Very Heavy Water,Mixology 2
Mixology 4,Tomato x 4 Spice x 10 Liquor x 8,,Big Bloody Mary,Mixology 3,Mixology 4,Tomato x 4 Spice x 10 Liquor x 8,,Big Bloody Mary,Mixology 3,Mixology 4,Tomato x 4 Spice x 10 Liquor x 8,,Big Bloody Mary,Mixology 3,Mixology 4,Tomato x 4 Spice x 10 Liquor x 8,,Big Bloody Mary,Mixology 3,Mixology 4,Tomato x 4 Spice x 10 Liquor x 8,,Big Bloody Mary,Mixology 3
Old Earth Cuisine 1,Breadx 3 Cheese x 2 Red Meatx 2,None,Meatloaf Reuben,None,Old Earth Cuisine 1,Breadx 3 Cheese x 2 Red Meatx 2,None,Meatloaf Reuben,None,Old Earth Cuisine 1,Breadx 3 Cheese x 2 Red Meatx 2,None,Meatloaf Reuben,None,Old Earth Cuisine 1,Breadx 3 Cheese x 2 Red Meatx 2,None,Meatloaf Reuben,None,Old Earth Cuisine 1,Breadx 3 Cheese x 2 Red Meatx 2,None,Meatloaf Reuben,None
Old Earth Cuisine 2,Butter x 5 Cheese x 5 Egg x 5 Poultry x 5 Spice x 5,Rank 1,Carbonara Chicken Marsala Latkes,Old Earth Cuisine 1,Old Earth Cuisine 2,Butter x 5 Cheese x 5 Egg x 5 Poultry x 5 Spice x 5,Rank 1,Carbonara Chicken Marsala Latkes,Old Earth Cuisine 1,Old Earth Cuisine 2,Butter x 5 Cheese x 5 Egg x 5 Poultry x 5 Spice x 5,Rank 1,Carbonara Chicken Marsala Latkes,Old Earth Cuisine 1,Old Earth Cuisine 2,Butter x 5 Cheese x 5 Egg x 5 Poultry x 5 Spice x 5,Rank 1,Carbonara Chicken Marsala Latkes,Old Earth Cuisine 1,Old Earth Cuisine 2,Butter x 5 Cheese x 5 Egg x 5 Poultry x 5 Spice x 5,Rank 1,Carbonara Chicken Marsala Latkes,Old Earth Cuisine 1
Old Earth Cuisine 3,Spice x 4 Nutrient x 8 Beer x 4 Poultry x 4 Dairy x 4 Egg x 4,,Barbacoa Wrap Chapaguri Chicken Tikka,Old Earth Cuisine 2,Old Earth Cuisine 3,Spice x 4 Nutrient x 8 Beer x 4 Poultry x 4 Dairy x 4 Egg x 4,,Barbacoa Wrap Chapaguri Chicken Tikka,Old Earth Cuisine 2,Old Earth Cuisine 3,Spice x 4 Nutrient x 8 Beer x 4 Poultry x 4 Dairy x 4 Egg x 4,,Barbacoa Wrap Chapaguri Chicken Tikka,Old Earth Cuisine 2,Old Earth Cuisine 3,Spice x 4 Nutrient x 8 Beer x 4 Poultry x 4 Dairy x 4 Egg x 4,,Barbacoa Wrap Chapaguri Chicken Tikka,Old Earth Cuisine 2,Old Earth Cuisine 3,Spice x 4 Nutrient x 8 Beer x 4 Poultry x 4 Dairy x 4 Egg x 4,,Barbacoa Wrap Chapaguri Chicken Tikka,Old Earth Cuisine 2
Old Earth Cuisine 4,Spice x 8 Nutrient x 16 Bread x 4 Poultry x 4 Beans x 4 Butter x 4 Noodles x 4,,Dal Makhani Doro Wat Pappardelle Bolognese,Old Earth Cuisine 3,Old Earth Cuisine 4,Spice x 8 Nutrient x 16 Bread x 4 Poultry x 4 Beans x 4 Butter x 4 Noodles x 4,,Dal Makhani Doro Wat Pappardelle Bolognese,Old Earth Cuisine 3,Old Earth Cuisine 4,Spice x 8 Nutrient x 16 Bread x 4 Poultry x 4 Beans x 4 Butter x 4 Noodles x 4,,Dal Makhani Doro Wat Pappardelle Bolognese,Old Earth Cuisine 3,Old Earth Cuisine 4,Spice x 8 Nutrient x 16 Bread x 4 Poultry x 4 Beans x 4 Butter x 4 Noodles x 4,,Dal Makhani Doro Wat Pappardelle Bolognese,Old Earth Cuisine 3,Old Earth Cuisine 4,Spice x 8 Nutrient x 16 Bread x 4 Poultry x 4 Beans x 4 Butter x 4 Noodles x 4,,Dal Makhani Doro Wat Pappardelle Bolognese,Old Earth Cuisine 3
Exotic Recipes 1,Aromatic x 3 Spice x 3 Fiber x 3 Nutrient x 3 Noodles x 2,Rank 4,Alien Kebab Alien Stir-Fry Crispy Alien Nuggets,Old Earth Cuisine 4,Exotic Recipes 1,Aromatic x 3 Spice x 3 Fiber x 3 Nutrient x 3 Noodles x 2,Rank 4,Alien Kebab Alien Stir-Fry Crispy Alien Nuggets,Old Earth Cuisine 4,Exotic Recipes 1,Aromatic x 3 Spice x 3 Fiber x 3 Nutrient x 3 Noodles x 2,Rank 4,Alien Kebab Alien Stir-Fry Crispy Alien Nuggets,Old Earth Cuisine 4,Exotic Recipes 1,Aromatic x 3 Spice x 3 Fiber x 3 Nutrient x 3 Noodles x 2,Rank 4,Alien Kebab Alien Stir-Fry Crispy Alien Nuggets,Old Earth Cuisine 4,Exotic Recipes 1,Aromatic x 3 Spice x 3 Fiber x 3 Nutrient x 3 Noodles x 2,Rank 4,Alien Kebab Alien Stir-Fry Crispy Alien Nuggets,Old Earth Cuisine 4
Exotic Recipes 2,Aromatic x 4 Spice x 4 Membrane x 4 Egg x 3 Red Meat x 3 Wine x 2,,Alien Stew Creature Jam Xenowurst,Exotic Recipes 1,Exotic Recipes 2,Aromatic x 4 Spice x 4 Membrane x 4 Egg x 3 Red Meat x 3 Wine x 2,,Alien Stew Creature Jam Xenowurst,Exotic Recipes 1,Exotic Recipes 2,Aromatic x 4 Spice x 4 Membrane x 4 Egg x 3 Red Meat x 3 Wine x 2,,Alien Stew Creature Jam Xenowurst,Exotic Recipes 1,Exotic Recipes 2,Aromatic x 4 Spice x 4 Membrane x 4 Egg x 3 Red Meat x 3 Wine x 2,,Alien Stew Creature Jam Xenowurst,Exotic Recipes 1,Exotic Recipes 2,Aromatic x 4 Spice x 4 Membrane x 4 Egg x 3 Red Meat x 3 Wine x 2,,Alien Stew Creature Jam Xenowurst,Exotic Recipes 1
Exotic Recipes 3,Quark-D. Tissues x 2 Aromatic x 4 Fiber x 8 Wine x 4 Butter x 4,,Alien Pie Star Cluster Marsala Stellar Kebabs,Exotic Recipes 2,Exotic Recipes 3,Quark-D. Tissues x 2 Aromatic x 4 Fiber x 8 Wine x 4 Butter x 4,,Alien Pie Star Cluster Marsala Stellar Kebabs,Exotic Recipes 2,Exotic Recipes 3,Quark-D. Tissues x 2 Aromatic x 4 Fiber x 8 Wine x 4 Butter x 4,,Alien Pie Star Cluster Marsala Stellar Kebabs,Exotic Recipes 2,Exotic Recipes 3,Quark-D. Tissues x 2 Aromatic x 4 Fiber x 8 Wine x 4 Butter x 4,,Alien Pie Star Cluster Marsala Stellar Kebabs,Exotic Recipes 2,Exotic Recipes 3,Quark-D. Tissues x 2 Aromatic x 4 Fiber x 8 Wine x 4 Butter x 4,,Alien Pie Star Cluster Marsala Stellar Kebabs,Exotic Recipes 2
Exotic Recipes 4,Quark-D. Tissues x 4 Spice x 12 Nutrient x 16 Egg x 8 Bread x 4 Noodles x 8 Beans x 4,,Galaxy Lo Mein Nebula Wat,Exotic Recipes 3,Exotic Recipes 4,Quark-D. Tissues x 4 Spice x 12 Nutrient x 16 Egg x 8 Bread x 4 Noodles x 8 Beans x 4,,Galaxy Lo Mein Nebula Wat,Exotic Recipes 3,Exotic Recipes 4,Quark-D. Tissues x 4 Spice x 12 Nutrient x 16 Egg x 8 Bread x 4 Noodles x 8 Beans x 4,,Galaxy Lo Mein Nebula Wat,Exotic Recipes 3,Exotic Recipes 4,Quark-D. Tissues x 4 Spice x 12 Nutrient x 16 Egg x 8 Bread x 4 Noodles x 8 Beans x 4,,Galaxy Lo Mein Nebula Wat,Exotic Recipes 3,Exotic Recipes 4,Quark-D. Tissues x 4 Spice x 12 Nutrient x 16 Egg x 8 Bread x 4 Noodles x 8 Beans x 4,,Galaxy Lo Mein Nebula Wat,Exotic Recipes 3
,,,,,,,,,,,,,,,,,,,,,,,,
Decoration 1,Fiber x 3 Ornamental x 2 Structural x 3,None,Additional Furnitureand Decorations,None,Decoration 1,Fiber x 3 Ornamental x 2 Structural x 3,None,Additional Furnitureand Decorations,None,Decoration 1,Fiber x 3 Ornamental x 2 Structural x 3,None,Additional Furnitureand Decorations,None,Decoration 1,Fiber x 3 Ornamental x 2 Structural x 3,None,Additional Furnitureand Decorations,None,Decoration 1,Fiber x 3 Ornamental x 2 Structural x 3,None,Additional Furnitureand Decorations,None
Decoration 2,Adhesive x 10 Aluminum x 10 Fiber x 10 Pigment x 10 Structural x 10,Rank 1,Additional FurnitureandDecorations,Decoration 1,Decoration 2,Adhesive x 10 Aluminum x 10 Fiber x 10 Pigment x 10 Structural x 10,Rank 1,Additional FurnitureandDecorations,Decoration 1,Decoration 2,Adhesive x 10 Aluminum x 10 Fiber x 10 Pigment x 10 Structural x 10,Rank 1,Additional FurnitureandDecorations,Decoration 1,Decoration 2,Adhesive x 10 Aluminum x 10 Fiber x 10 Pigment x 10 Structural x 10,Rank 1,Additional FurnitureandDecorations,Decoration 1,Decoration 2,Adhesive x 10 Aluminum x 10 Fiber x 10 Pigment x 10 Structural x 10,Rank 1,Additional FurnitureandDecorations,Decoration 1
Decoration 3,Structural x 12 Aluminum x 12 Fiber x 8 Nickel x 8 Adhesive x 12 Luxury Textile x 2,Outpost Engineering Rank 2 Zoology Rank 1,Additional Furniture and Decorations,Decoration 2,Decoration 3,Structural x 12 Aluminum x 12 Fiber x 8 Nickel x 8 Adhesive x 12 Luxury Textile x 2,Outpost Engineering Rank 2 Zoology Rank 1,Additional Furniture and Decorations,Decoration 2,Decoration 3,Structural x 12 Aluminum x 12 Fiber x 8 Nickel x 8 Adhesive x 12 Luxury Textile x 2,Outpost Engineering Rank 2 Zoology Rank 1,Additional Furniture and Decorations,Decoration 2,Decoration 3,Structural x 12 Aluminum x 12 Fiber x 8 Nickel x 8 Adhesive x 12 Luxury Textile x 2,Outpost Engineering Rank 2 Zoology Rank 1,Additional Furniture and Decorations,Decoration 2,Decoration 3,Structural x 12 Aluminum x 12 Fiber x 8 Nickel x 8 Adhesive x 12 Luxury Textile x 2,Outpost Engineering Rank 2 Zoology Rank 1,Additional Furniture and Decorations,Decoration 2
Domestication 1,Adaptive Frame x 10 Adhesive x 10 Aluminum x 30 Molecular Sieve x 5 Sealant x 10,Outpost Engineering Rank 1 Zoology Rank 1,Commercial Animal Husbandry,None,Domestication 1,Adaptive Frame x 10 Adhesive x 10 Aluminum x 30 Molecular Sieve x 5 Sealant x 10,Outpost Engineering Rank 1 Zoology Rank 1,Commercial Animal Husbandry,None,Domestication 1,Adaptive Frame x 10 Adhesive x 10 Aluminum x 30 Molecular Sieve x 5 Sealant x 10,Outpost Engineering Rank 1 Zoology Rank 1,Commercial Animal Husbandry,None,Domestication 1,Adaptive Frame x 10 Adhesive x 10 Aluminum x 30 Molecular Sieve x 5 Sealant x 10,Outpost Engineering Rank 1 Zoology Rank 1,Commercial Animal Husbandry,None,Domestication 1,Adaptive Frame x 10 Adhesive x 10 Aluminum x 30 Molecular Sieve x 5 Sealant x 10,Outpost Engineering Rank 1 Zoology Rank 1,Commercial Animal Husbandry,None
Domestication 2,Substrate Molecule Sieve x 3 Adaptive Frame x 8 Aluminum x 16 Sealant x 12 Adhesive x 12 Hypercatalyst x 4,,,Domestication 1,Domestication 2,Substrate Molecule Sieve x 3 Adaptive Frame x 8 Aluminum x 16 Sealant x 12 Adhesive x 12 Hypercatalyst x 4,,,Domestication 1,Domestication 2,Substrate Molecule Sieve x 3 Adaptive Frame x 8 Aluminum x 16 Sealant x 12 Adhesive x 12 Hypercatalyst x 4,,,Domestication 1,Domestication 2,Substrate Molecule Sieve x 3 Adaptive Frame x 8 Aluminum x 16 Sealant x 12 Adhesive x 12 Hypercatalyst x 4,,,Domestication 1,Domestication 2,Substrate Molecule Sieve x 3 Adaptive Frame x 8 Aluminum x 16 Sealant x 12 Adhesive x 12 Hypercatalyst x 4,,,Domestication 1
Horticulture 1,Adaptive Frame x 10 Mag Pressure Tank x 8 Metabolic Agent x 10 Nutrient x 10 Tungsten x 10,Outpost Engineering Rank 1 Botany Rank 1,Commercial Greenhouse,None,Horticulture 1,Adaptive Frame x 10 Mag Pressure Tank x 8 Metabolic Agent x 10 Nutrient x 10 Tungsten x 10,Outpost Engineering Rank 1 Botany Rank 1,Commercial Greenhouse,None,Horticulture 1,Adaptive Frame x 10 Mag Pressure Tank x 8 Metabolic Agent x 10 Nutrient x 10 Tungsten x 10,Outpost Engineering Rank 1 Botany Rank 1,Commercial Greenhouse,None,Horticulture 1,Adaptive Frame x 10 Mag Pressure Tank x 8 Metabolic Agent x 10 Nutrient x 10 Tungsten x 10,Outpost Engineering Rank 1 Botany Rank 1,Commercial Greenhouse,None,Horticulture 1,Adaptive Frame x 10 Mag Pressure Tank x 8 Metabolic Agent x 10 Nutrient x 10 Tungsten x 10,Outpost Engineering Rank 1 Botany Rank 1,Commercial Greenhouse,None
Horticulture 2,Mag Pressure Tank x 4 Adaptive Frame x 8 Tungsten x 8 Nutrient x 12 Metabolic Agent x 12 Amino Acids x 4,,,Horticulture 1,Horticulture 2,Mag Pressure Tank x 4 Adaptive Frame x 8 Tungsten x 8 Nutrient x 12 Metabolic Agent x 12 Amino Acids x 4,,,Horticulture 1,Horticulture 2,Mag Pressure Tank x 4 Adaptive Frame x 8 Tungsten x 8 Nutrient x 12 Metabolic Agent x 12 Amino Acids x 4,,,Horticulture 1,Horticulture 2,Mag Pressure Tank x 4 Adaptive Frame x 8 Tungsten x 8 Nutrient x 12 Metabolic Agent x 12 Amino Acids x 4,,,Horticulture 1,Horticulture 2,Mag Pressure Tank x 4 Adaptive Frame x 8 Tungsten x 8 Nutrient x 12 Metabolic Agent x 12 Amino Acids x 4,,,Horticulture 1
Manufacturing 1,Adaptive Frame x 3 Iron x 3 Sealant x 3 Zero Wire x 2,None,Inter-System Cargo Links Simple Fabricators Small Warehouse modules,None,Manufacturing 1,Adaptive Frame x 3 Iron x 3 Sealant x 3 Zero Wire x 2,None,Inter-System Cargo Links Simple Fabricators Small Warehouse modules,None,Manufacturing 1,Adaptive Frame x 3 Iron x 3 Sealant x 3 Zero Wire x 2,None,Inter-System Cargo Links Simple Fabricators Small Warehouse modules,None,Manufacturing 1,Adaptive Frame x 3 Iron x 3 Sealant x 3 Zero Wire x 2,None,Inter-System Cargo Links Simple Fabricators Small Warehouse modules,None,Manufacturing 1,Adaptive Frame x 3 Iron x 3 Sealant x 3 Zero Wire x 2,None,Inter-System Cargo Links Simple Fabricators Small Warehouse modules,None
Manufacturing 2,Adaptive Frame x 10 Iron x 30 Lubricant x 10 Reactive Gauge x 5 Sealant x 20 Tungsten x 20 Zero Wire x 10,Rank 1,Compound Fabricators Medium Storage modules,Manufacturing 1,Manufacturing 2,Adaptive Frame x 10 Iron x 30 Lubricant x 10 Reactive Gauge x 5 Sealant x 20 Tungsten x 20 Zero Wire x 10,Rank 1,Compound Fabricators Medium Storage modules,Manufacturing 1,Manufacturing 2,Adaptive Frame x 10 Iron x 30 Lubricant x 10 Reactive Gauge x 5 Sealant x 20 Tungsten x 20 Zero Wire x 10,Rank 1,Compound Fabricators Medium Storage modules,Manufacturing 1,Manufacturing 2,Adaptive Frame x 10 Iron x 30 Lubricant x 10 Reactive Gauge x 5 Sealant x 20 Tungsten x 20 Zero Wire x 10,Rank 1,Compound Fabricators Medium Storage modules,Manufacturing 1,Manufacturing 2,Adaptive Frame x 10 Iron x 30 Lubricant x 10 Reactive Gauge x 5 Sealant x 20 Tungsten x 20 Zero Wire x 10,Rank 1,Compound Fabricators Medium Storage modules,Manufacturing 1
Manufacturing 3,Zero Wire x 8 Reactive Gauge x 4 Positron Battery x 2 Adaptive Frame x 2 Iron x 16 Tungsten x 12 Sealant x 12 Lubricant x 4,,,Manufacturing 2,Manufacturing 3,Zero Wire x 8 Reactive Gauge x 4 Positron Battery x 2 Adaptive Frame x 2 Iron x 16 Tungsten x 12 Sealant x 12 Lubricant x 4,,,Manufacturing 2,Manufacturing 3,Zero Wire x 8 Reactive Gauge x 4 Positron Battery x 2 Adaptive Frame x 2 Iron x 16 Tungsten x 12 Sealant x 12 Lubricant x 4,,,Manufacturing 2,Manufacturing 3,Zero Wire x 8 Reactive Gauge x 4 Positron Battery x 2 Adaptive Frame x 2 Iron x 16 Tungsten x 12 Sealant x 12 Lubricant x 4,,,Manufacturing 2,Manufacturing 3,Zero Wire x 8 Reactive Gauge x 4 Positron Battery x 2 Adaptive Frame x 2 Iron x 16 Tungsten x 12 Sealant x 12 Lubricant x 4,,,Manufacturing 2
Power Generation 1,Adaptive Frame x 10 Cobalt x 10 Copper x 20 Isocentered Magnet x 8 Silver x 30 Zero Wire x 10,Rank 1,Advanced Wind Turbines,None,Power Generation 1,Adaptive Frame x 10 Cobalt x 10 Copper x 20 Isocentered Magnet x 8 Silver x 30 Zero Wire x 10,Rank 1,Advanced Wind Turbines,None,Power Generation 1,Adaptive Frame x 10 Cobalt x 10 Copper x 20 Isocentered Magnet x 8 Silver x 30 Zero Wire x 10,Rank 1,Advanced Wind Turbines,None,Power Generation 1,Adaptive Frame x 10 Cobalt x 10 Copper x 20 Isocentered Magnet x 8 Silver x 30 Zero Wire x 10,Rank 1,Advanced Wind Turbines,None,Power Generation 1,Adaptive Frame x 10 Cobalt x 10 Copper x 20 Isocentered Magnet x 8 Silver x 30 Zero Wire x 10,Rank 1,Advanced Wind Turbines,None
Power Generation 2,Zero Wire x 8 Tau Grade Rheostat x 2 Supercooled Magnet x 1 Power Circuit x 1 Caesium x 8 Beryllium x 12 Titanium x 12,,,Power Generation 2,Power Generation 2,Zero Wire x 8 Tau Grade Rheostat x 2 Supercooled Magnet x 1 Power Circuit x 1 Caesium x 8 Beryllium x 12 Titanium x 12,,,Power Generation 2,Power Generation 2,Zero Wire x 8 Tau Grade Rheostat x 2 Supercooled Magnet x 1 Power Circuit x 1 Caesium x 8 Beryllium x 12 Titanium x 12,,,Power Generation 2,Power Generation 2,Zero Wire x 8 Tau Grade Rheostat x 2 Supercooled Magnet x 1 Power Circuit x 1 Caesium x 8 Beryllium x 12 Titanium x 12,,,Power Generation 2,Power Generation 2,Zero Wire x 8 Tau Grade Rheostat x 2 Supercooled Magnet x 1 Power Circuit x 1 Caesium x 8 Beryllium x 12 Titanium x 12,,,Power Generation 2
Power Generation 3,Paramagnon Conductor x 4 Tau Grade Rheostat x 4 Isotopic Coolant x 4 Nuclear Fuel Rod x 4 Control Rod x 3 Supercooled Magnet x 2 Power Circuit x 2 Tungsten x 12 Lead x 12,Rank 3,,,Power Generation 3,Paramagnon Conductor x 4 Tau Grade Rheostat x 4 Isotopic Coolant x 4 Nuclear Fuel Rod x 4 Control Rod x 3 Supercooled Magnet x 2 Power Circuit x 2 Tungsten x 12 Lead x 12,Rank 3,,,Power Generation 3,Paramagnon Conductor x 4 Tau Grade Rheostat x 4 Isotopic Coolant x 4 Nuclear Fuel Rod x 4 Control Rod x 3 Supercooled Magnet x 2 Power Circuit x 2 Tungsten x 12 Lead x 12,Rank 3,,,Power Generation 3,Paramagnon Conductor x 4 Tau Grade Rheostat x 4 Isotopic Coolant x 4 Nuclear Fuel Rod x 4 Control Rod x 3 Supercooled Magnet x 2 Power Circuit x 2 Tungsten x 12 Lead x 12,Rank 3,,,Power Generation 3,Paramagnon Conductor x 4 Tau Grade Rheostat x 4 Isotopic Coolant x 4 Nuclear Fuel Rod x 4 Control Rod x 3 Supercooled Magnet x 2 Power Circuit x 2 Tungsten x 12 Lead x 12,Rank 3,,
Power Generation 4,Tasine Superconductor x 3 Tau Grade Rheostat x 12 Isotopic Coolant x 8 Vytinium Fuel Rod x 4 Control Rod x 4 Rothicite x 2 Power Circuit x 4 Tungsten x 16 Lead x 20,Outpost Engineering Rank 3 Special Projects Rank 1,,Power Generation 3,Power Generation 4,Tasine Superconductor x 3 Tau Grade Rheostat x 12 Isotopic Coolant x 8 Vytinium Fuel Rod x 4 Control Rod x 4 Rothicite x 2 Power Circuit x 4 Tungsten x 16 Lead x 20,Outpost Engineering Rank 3 Special Projects Rank 1,,Power Generation 3,Power Generation 4,Tasine Superconductor x 3 Tau Grade Rheostat x 12 Isotopic Coolant x 8 Vytinium Fuel Rod x 4 Control Rod x 4 Rothicite x 2 Power Circuit x 4 Tungsten x 16 Lead x 20,Outpost Engineering Rank 3 Special Projects Rank 1,,Power Generation 3,Power Generation 4,Tasine Superconductor x 3 Tau Grade Rheostat x 12 Isotopic Coolant x 8 Vytinium Fuel Rod x 4 Control Rod x 4 Rothicite x 2 Power Circuit x 4 Tungsten x 16 Lead x 20,Outpost Engineering Rank 3 Special Projects Rank 1,,Power Generation 3,Power Generation 4,Tasine Superconductor x 3 Tau Grade Rheostat x 12 Isotopic Coolant x 8 Vytinium Fuel Rod x 4 Control Rod x 4 Rothicite x 2 Power Circuit x 4 Tungsten x 16 Lead x 20,Outpost Engineering Rank 3 Special Projects Rank 1,,Power Generation 3
Resource Extraction 1,Adaptive Frame x 10 Aluminum x 30 Chlorosilanes x 10 Copper x 20 Drilling Rig x 5 Mag Pressure Tank x 8,Rank 1,Commercial Extractors,None,Resource Extraction 1,Adaptive Frame x 10 Aluminum x 30 Chlorosilanes x 10 Copper x 20 Drilling Rig x 5 Mag Pressure Tank x 8,Rank 1,Commercial Extractors,None,Resource Extraction 1,Adaptive Frame x 10 Aluminum x 30 Chlorosilanes x 10 Copper x 20 Drilling Rig x 5 Mag Pressure Tank x 8,Rank 1,Commercial Extractors,None,Resource Extraction 1,Adaptive Frame x 10 Aluminum x 30 Chlorosilanes x 10 Copper x 20 Drilling Rig x 5 Mag Pressure Tank x 8,Rank 1,Commercial Extractors,None,Resource Extraction 1,Adaptive Frame x 10 Aluminum x 30 Chlorosilanes x 10 Copper x 20 Drilling Rig x 5 Mag Pressure Tank x 8,Rank 1,Commercial Extractors,None
Resource Extraction 2,Adaptive Frame x 20 Aldumite Drilling Rig x 5 Aluminum x 40 Caesium x 20 Chlorosilanes x 20 Microsecond Regulator x 8,Rank 2,Industrial Extractors,Resource Extraction 1,Resource Extraction 2,Adaptive Frame x 20 Aldumite Drilling Rig x 5 Aluminum x 40 Caesium x 20 Chlorosilanes x 20 Microsecond Regulator x 8,Rank 2,Industrial Extractors,Resource Extraction 1,Resource Extraction 2,Adaptive Frame x 20 Aldumite Drilling Rig x 5 Aluminum x 40 Caesium x 20 Chlorosilanes x 20 Microsecond Regulator x 8,Rank 2,Industrial Extractors,Resource Extraction 1,Resource Extraction 2,Adaptive Frame x 20 Aldumite Drilling Rig x 5 Aluminum x 40 Caesium x 20 Chlorosilanes x 20 Microsecond Regulator x 8,Rank 2,Industrial Extractors,Resource Extraction 1,Resource Extraction 2,Adaptive Frame x 20 Aldumite Drilling Rig x 5 Aluminum x 40 Caesium x 20 Chlorosilanes x 20 Microsecond Regulator x 8,Rank 2,Industrial Extractors,Resource Extraction 1
Robots 1,Aluminum x 3 Beryllium x 3 Zero Wire x 2,None,Garden Mini bot Engineering Robot Sanitation Mini bot,None,Robots 1,Aluminum x 3 Beryllium x 3 Zero Wire x 2,None,Garden Mini bot Engineering Robot Sanitation Mini bot,None,Robots 1,Aluminum x 3 Beryllium x 3 Zero Wire x 2,None,Garden Mini bot Engineering Robot Sanitation Mini bot,None,Robots 1,Aluminum x 3 Beryllium x 3 Zero Wire x 2,None,Garden Mini bot Engineering Robot Sanitation Mini bot,None,Robots 1,Aluminum x 3 Beryllium x 3 Zero Wire x 2,None,Garden Mini bot Engineering Robot Sanitation Mini bot,None
Robots 2,Austenitic Manifold x 8 Chlorosilanes x 30 Cobalt x 30 Polymer x 10 Positron Battery x 8 Titanium x 30 Zero Wire x 30,Rank 1,Logistics Robot Power Management Robot,Robots 1,Robots 2,Austenitic Manifold x 8 Chlorosilanes x 30 Cobalt x 30 Polymer x 10 Positron Battery x 8 Titanium x 30 Zero Wire x 30,Rank 1,Logistics Robot Power Management Robot,Robots 1,Robots 2,Austenitic Manifold x 8 Chlorosilanes x 30 Cobalt x 30 Polymer x 10 Positron Battery x 8 Titanium x 30 Zero Wire x 30,Rank 1,Logistics Robot Power Management Robot,Robots 1,Robots 2,Austenitic Manifold x 8 Chlorosilanes x 30 Cobalt x 30 Polymer x 10 Positron Battery x 8 Titanium x 30 Zero Wire x 30,Rank 1,Logistics Robot Power Management Robot,Robots 1,Robots 2,Austenitic Manifold x 8 Chlorosilanes x 30 Cobalt x 30 Polymer x 10 Positron Battery x 8 Titanium x 30 Zero Wire x 30,Rank 1,Logistics Robot Power Management Robot,Robots 1
Robots 3,Positron Battery x 8 Zero Wire x 30 Austenitic Manifold x 8 Titanium x 30 Chlorosinales x 30 Cobalt x 30 Polymer x 20,,,,Robots 3,Positron Battery x 8 Zero Wire x 30 Austenitic Manifold x 8 Titanium x 30 Chlorosinales x 30 Cobalt x 30 Polymer x 20,,,,Robots 3,Positron Battery x 8 Zero Wire x 30 Austenitic Manifold x 8 Titanium x 30 Chlorosinales x 30 Cobalt x 30 Polymer x 20,,,,Robots 3,Positron Battery x 8 Zero Wire x 30 Austenitic Manifold x 8 Titanium x 30 Chlorosinales x 30 Cobalt x 30 Polymer x 20,,,,Robots 3,Positron Battery x 8 Zero Wire x 30 Austenitic Manifold x 8 Titanium x 30 Chlorosinales x 30 Cobalt x 30 Polymer x 20,,,
Outpost Defense 1,Aluminum x 30 Copper x 5 Fluorine x 5 Positron Battery x 3 Titanium x 10 Zero Wire x 8,Rank 2,Security Mini bot Turret Mk II,None,Outpost Defense 1,Aluminum x 30 Copper x 5 Fluorine x 5 Positron Battery x 3 Titanium x 10 Zero Wire x 8,Rank 2,Security Mini bot Turret Mk II,None,Outpost Defense 1,Aluminum x 30 Copper x 5 Fluorine x 5 Positron Battery x 3 Titanium x 10 Zero Wire x 8,Rank 2,Security Mini bot Turret Mk II,None,Outpost Defense 1,Aluminum x 30 Copper x 5 Fluorine x 5 Positron Battery x 3 Titanium x 10 Zero Wire x 8,Rank 2,Security Mini bot Turret Mk II,None,Outpost Defense 1,Aluminum x 30 Copper x 5 Fluorine x 5 Positron Battery x 3 Titanium x 10 Zero Wire x 8,Rank 2,Security Mini bot Turret Mk II,None
Outpost Defense 2,Positron Battery x 3 Veryl-Treated Manifold x 1 Power Circuit x 1 Titanium x 12 Aluminum x 16 Copper x 4 Neon x 4,,,Outpost Defense 1 Robots 2,Outpost Defense 2,Positron Battery x 3 Veryl-Treated Manifold x 1 Power Circuit x 1 Titanium x 12 Aluminum x 16 Copper x 4 Neon x 4,,,Outpost Defense 1 Robots 2,Outpost Defense 2,Positron Battery x 3 Veryl-Treated Manifold x 1 Power Circuit x 1 Titanium x 12 Aluminum x 16 Copper x 4 Neon x 4,,,Outpost Defense 1 Robots 2,Outpost Defense 2,Positron Battery x 3 Veryl-Treated Manifold x 1 Power Circuit x 1 Titanium x 12 Aluminum x 16 Copper x 4 Neon x 4,,,Outpost Defense 1 Robots 2,Outpost Defense 2,Positron Battery x 3 Veryl-Treated Manifold x 1 Power Circuit x 1 Titanium x 12 Aluminum x 16 Copper x 4 Neon x 4,,,Outpost Defense 1 Robots 2
,,,,,,,,,,,,,,,,,,,,,,,,
Helmet Mods 1,Cosmetic x 2 Polymer x 3 Tungsten x 3,None,Helmet Mods,None,Helmet Mods 1,Cosmetic x 2 Polymer x 3 Tungsten x 3,None,Helmet Mods,None,Helmet Mods 1,Cosmetic x 2 Polymer x 3 Tungsten x 3,None,Helmet Mods,None,Helmet Mods 1,Cosmetic x 2 Polymer x 3 Tungsten x 3,None,Helmet Mods,None,Helmet Mods 1,Cosmetic x 2 Polymer x 3 Tungsten x 3,None,Helmet Mods,None
Helmet Mods 2,Adhesive x 10 Positron Battery x 5 Sterile Nanotubes x 5 Titanium x 10 Zero Wire x 8,Rank 1,Improved,Helmet Mods 1,Helmet Mods 2,Adhesive x 10 Positron Battery x 5 Sterile Nanotubes x 5 Titanium x 10 Zero Wire x 8,Rank 1,Improved,Helmet Mods 1,Helmet Mods 2,Adhesive x 10 Positron Battery x 5 Sterile Nanotubes x 5 Titanium x 10 Zero Wire x 8,Rank 1,Improved,Helmet Mods 1,Helmet Mods 2,Adhesive x 10 Positron Battery x 5 Sterile Nanotubes x 5 Titanium x 10 Zero Wire x 8,Rank 1,Improved,Helmet Mods 1,Helmet Mods 2,Adhesive x 10 Positron Battery x 5 Sterile Nanotubes x 5 Titanium x 10 Zero Wire x 8,Rank 1,Improved,Helmet Mods 1
Helmet Mods 3,Microsecond Regulator x 8 Indicite Wafer x 5 High-Tensile Spidroin x 8 Caelumite x 10 Tungsten x 30 Polymer x 10,,Improved,Helmet Mods 2,Helmet Mods 3,Microsecond Regulator x 8 Indicite Wafer x 5 High-Tensile Spidroin x 8 Caelumite x 10 Tungsten x 30 Polymer x 10,,Improved,Helmet Mods 2,Helmet Mods 3,Microsecond Regulator x 8 Indicite Wafer x 5 High-Tensile Spidroin x 8 Caelumite x 10 Tungsten x 30 Polymer x 10,,Improved,Helmet Mods 2,Helmet Mods 3,Microsecond Regulator x 8 Indicite Wafer x 5 High-Tensile Spidroin x 8 Caelumite x 10 Tungsten x 30 Polymer x 10,,Improved,Helmet Mods 2,Helmet Mods 3,Microsecond Regulator x 8 Indicite Wafer x 5 High-Tensile Spidroin x 8 Caelumite x 10 Tungsten x 30 Polymer x 10,,Improved,Helmet Mods 2
Pack Mods 1,Aluminum x 10 Beryllium x 10 Mag Pressure Tank x 8 Monopropellant x 5,Rank 1,Improved,None,Pack Mods 1,Aluminum x 10 Beryllium x 10 Mag Pressure Tank x 8 Monopropellant x 5,Rank 1,Improved,None,Pack Mods 1,Aluminum x 10 Beryllium x 10 Mag Pressure Tank x 8 Monopropellant x 5,Rank 1,Improved,None,Pack Mods 1,Aluminum x 10 Beryllium x 10 Mag Pressure Tank x 8 Monopropellant x 5,Rank 1,Improved,None,Pack Mods 1,Aluminum x 10 Beryllium x 10 Mag Pressure Tank x 8 Monopropellant x 5,Rank 1,Improved,None
Pack Mods 2,Beryllium x 10 Monopropellant x 10 Polymer x 8 Sealant x 10 Zero-G Gimbal x 5,Rank 2,Superior,Pack Mods 1,Pack Mods 2,Beryllium x 10 Monopropellant x 10 Polymer x 8 Sealant x 10 Zero-G Gimbal x 5,Rank 2,Superior,Pack Mods 1,Pack Mods 2,Beryllium x 10 Monopropellant x 10 Polymer x 8 Sealant x 10 Zero-G Gimbal x 5,Rank 2,Superior,Pack Mods 1,Pack Mods 2,Beryllium x 10 Monopropellant x 10 Polymer x 8 Sealant x 10 Zero-G Gimbal x 5,Rank 2,Superior,Pack Mods 1,Pack Mods 2,Beryllium x 10 Monopropellant x 10 Polymer x 8 Sealant x 10 Zero-G Gimbal x 5,Rank 2,Superior,Pack Mods 1
Pack Mods 3,Zero-G Gimbal x 10 Monopropellant x 20 Tau Grade Rheostat x 10 Beryllium x 20 Biosuppressant x 10 Amino Acids x 20,Rank 3,,Pack Mods 2,Pack Mods 3,Zero-G Gimbal x 10 Monopropellant x 20 Tau Grade Rheostat x 10 Beryllium x 20 Biosuppressant x 10 Amino Acids x 20,Rank 3,,Pack Mods 2,Pack Mods 3,Zero-G Gimbal x 10 Monopropellant x 20 Tau Grade Rheostat x 10 Beryllium x 20 Biosuppressant x 10 Amino Acids x 20,Rank 3,,Pack Mods 2,Pack Mods 3,Zero-G Gimbal x 10 Monopropellant x 20 Tau Grade Rheostat x 10 Beryllium x 20 Biosuppressant x 10 Amino Acids x 20,Rank 3,,Pack Mods 2,Pack Mods 3,Zero-G Gimbal x 10 Monopropellant x 20 Tau Grade Rheostat x 10 Beryllium x 20 Biosuppressant x 10 Amino Acids x 20,Rank 3,,Pack Mods 2
Spacesuit Mods 1,Copper x 5 Cosmetic x 5 Polytextile x 8,Rank 1,Improved,None,Spacesuit Mods 1,Copper x 5 Cosmetic x 5 Polytextile x 8,Rank 1,Improved,None,Spacesuit Mods 1,Copper x 5 Cosmetic x 5 Polytextile x 8,Rank 1,Improved,None,Spacesuit Mods 1,Copper x 5 Cosmetic x 5 Polytextile x 8,Rank 1,Improved,None,Spacesuit Mods 1,Copper x 5 Cosmetic x 5 Polytextile x 8,Rank 1,Improved,None
Spacesuit Mods 2,Adhesive x 10 Polytextile x 10 Positron Battery x 5 Semimetal Wafer x 5 Titanium x 10,Rank 2,Superior,Spacesuit Mods 1,Spacesuit Mods 2,Adhesive x 10 Polytextile x 10 Positron Battery x 5 Semimetal Wafer x 5 Titanium x 10,Rank 2,Superior,Spacesuit Mods 1,Spacesuit Mods 2,Adhesive x 10 Polytextile x 10 Positron Battery x 5 Semimetal Wafer x 5 Titanium x 10,Rank 2,Superior,Spacesuit Mods 1,Spacesuit Mods 2,Adhesive x 10 Polytextile x 10 Positron Battery x 5 Semimetal Wafer x 5 Titanium x 10,Rank 2,Superior,Spacesuit Mods 1,Spacesuit Mods 2,Adhesive x 10 Polytextile x 10 Positron Battery x 5 Semimetal Wafer x 5 Titanium x 10,Rank 2,Superior,Spacesuit Mods 1
Spacesuit Mods 3,Microsecond Regulator x 8 Indicite Wafer x 5 Positron Battery x 8 Caelumite x 10 Tungsten x 30 Lubricant x 20,,Superior,Spacesuit Mods 2,Spacesuit Mods 3,Microsecond Regulator x 8 Indicite Wafer x 5 Positron Battery x 8 Caelumite x 10 Tungsten x 30 Lubricant x 20,,Superior,Spacesuit Mods 2,Spacesuit Mods 3,Microsecond Regulator x 8 Indicite Wafer x 5 Positron Battery x 8 Caelumite x 10 Tungsten x 30 Lubricant x 20,,Superior,Spacesuit Mods 2,Spacesuit Mods 3,Microsecond Regulator x 8 Indicite Wafer x 5 Positron Battery x 8 Caelumite x 10 Tungsten x 30 Lubricant x 20,,Superior,Spacesuit Mods 2,Spacesuit Mods 3,Microsecond Regulator x 8 Indicite Wafer x 5 Positron Battery x 8 Caelumite x 10 Tungsten x 30 Lubricant x 20,,Superior,Spacesuit Mods 2
,,,,,,,,,,,,,,,,,,,,,,,,
Barrel Mods 1,Iron x 3 Nickel x 3 Sealant x 2,None,Barrel,None,Barrel Mods 1,Iron x 3 Nickel x 3 Sealant x 2,None,Barrel,None,Barrel Mods 1,Iron x 3 Nickel x 3 Sealant x 2,None,Barrel,None,Barrel Mods 1,Iron x 3 Nickel x 3 Sealant x 2,None,Barrel,None,Barrel Mods 1,Iron x 3 Nickel x 3 Sealant x 2,None,Barrel,None
Barrel Mods 2,Lubricant x 5 Nickel x 10 Tungsten x 5,Rank 1,ImprovedBarrel,Barrel Mods 1,Barrel Mods 2,Lubricant x 5 Nickel x 10 Tungsten x 5,Rank 1,ImprovedBarrel,Barrel Mods 1,Barrel Mods 2,Lubricant x 5 Nickel x 10 Tungsten x 5,Rank 1,ImprovedBarrel,Barrel Mods 1,Barrel Mods 2,Lubricant x 5 Nickel x 10 Tungsten x 5,Rank 1,ImprovedBarrel,Barrel Mods 1,Barrel Mods 2,Lubricant x 5 Nickel x 10 Tungsten x 5,Rank 1,ImprovedBarrel,Barrel Mods 1
Grip and Stock Mods 1,Aluminum x 3 Nickel x 3 Sealant x 3,None,Grip and Stock,None,Grip and Stock Mods 1,Aluminum x 3 Nickel x 3 Sealant x 3,None,Grip and Stock,None,Grip and Stock Mods 1,Aluminum x 3 Nickel x 3 Sealant x 3,None,Grip and Stock,None,Grip and Stock Mods 1,Aluminum x 3 Nickel x 3 Sealant x 3,None,Grip and Stock,None,Grip and Stock Mods 1,Aluminum x 3 Nickel x 3 Sealant x 3,None,Grip and Stock,None
Grip and Stock Mods 2,Adhesive x 10 Polymer x 5 Tungsten x 8,Rank 1,ImprovedGrip and Stock,Grip and Stock Mods 1,Grip and Stock Mods 2,Adhesive x 10 Polymer x 5 Tungsten x 8,Rank 1,ImprovedGrip and Stock,Grip and Stock Mods 1,Grip and Stock Mods 2,Adhesive x 10 Polymer x 5 Tungsten x 8,Rank 1,ImprovedGrip and Stock,Grip and Stock Mods 1,Grip and Stock Mods 2,Adhesive x 10 Polymer x 5 Tungsten x 8,Rank 1,ImprovedGrip and Stock,Grip and Stock Mods 1,Grip and Stock Mods 2,Adhesive x 10 Polymer x 5 Tungsten x 8,Rank 1,ImprovedGrip and Stock,Grip and Stock Mods 1
Grip and Stock Mods 3,Titanium x 4 Polymer x 4 Adhesive x 8,Rank 2,Improved Grip and Stock,Grip and Stock Mods 2,Grip and Stock Mods 3,Titanium x 4 Polymer x 4 Adhesive x 8,Rank 2,Improved Grip and Stock,Grip and Stock Mods 2,Grip and Stock Mods 3,Titanium x 4 Polymer x 4 Adhesive x 8,Rank 2,Improved Grip and Stock,Grip and Stock Mods 2,Grip and Stock Mods 3,Titanium x 4 Polymer x 4 Adhesive x 8,Rank 2,Improved Grip and Stock,Grip and Stock Mods 2,Grip and Stock Mods 3,Titanium x 4 Polymer x 4 Adhesive x 8,Rank 2,Improved Grip and Stock,Grip and Stock Mods 2
Internal Mods 1,Iridium x 8 Sealant x 10 Tungsten x 10 Zero Wire x 5,Rank 2,Superior Internal,None,Internal Mods 1,Iridium x 8 Sealant x 10 Tungsten x 10 Zero Wire x 5,Rank 2,Superior Internal,None,Internal Mods 1,Iridium x 8 Sealant x 10 Tungsten x 10 Zero Wire x 5,Rank 2,Superior Internal,None,Internal Mods 1,Iridium x 8 Sealant x 10 Tungsten x 10 Zero Wire x 5,Rank 2,Superior Internal,None,Internal Mods 1,Iridium x 8 Sealant x 10 Tungsten x 10 Zero Wire x 5,Rank 2,Superior Internal,None
Internal Mods 2,Isocentered Magnet x 3 Zero Wire x 3 Tantalum x 4 Titanium x 4 Adhesive x 4,Rank 3,Superior Internal,Internal Mods 1,Internal Mods 2,Isocentered Magnet x 3 Zero Wire x 3 Tantalum x 4 Titanium x 4 Adhesive x 4,Rank 3,Superior Internal,Internal Mods 1,Internal Mods 2,Isocentered Magnet x 3 Zero Wire x 3 Tantalum x 4 Titanium x 4 Adhesive x 4,Rank 3,Superior Internal,Internal Mods 1,Internal Mods 2,Isocentered Magnet x 3 Zero Wire x 3 Tantalum x 4 Titanium x 4 Adhesive x 4,Rank 3,Superior Internal,Internal Mods 1,Internal Mods 2,Isocentered Magnet x 3 Zero Wire x 3 Tantalum x 4 Titanium x 4 Adhesive x 4,Rank 3,Superior Internal,Internal Mods 1
Internal Mods 3,Power Circuit x 1 Zero Wire x 4 Europium x 8 Ytterbium x 4 Polymer x 4,Rank 4,Superior Internal,Internal Mods 2,Internal Mods 3,Power Circuit x 1 Zero Wire x 4 Europium x 8 Ytterbium x 4 Polymer x 4,Rank 4,Superior Internal,Internal Mods 2,Internal Mods 3,Power Circuit x 1 Zero Wire x 4 Europium x 8 Ytterbium x 4 Polymer x 4,Rank 4,Superior Internal,Internal Mods 2,Internal Mods 3,Power Circuit x 1 Zero Wire x 4 Europium x 8 Ytterbium x 4 Polymer x 4,Rank 4,Superior Internal,Internal Mods 2,Internal Mods 3,Power Circuit x 1 Zero Wire x 4 Europium x 8 Ytterbium x 4 Polymer x 4,Rank 4,Superior Internal,Internal Mods 2
Magazine and Battery Mods 1,Adhesive x 5 Lead x 8 Titanium x 5,Rank 2,Superior Magazine and Battery,None,Magazine and Battery Mods 1,Adhesive x 5 Lead x 8 Titanium x 5,Rank 2,Superior Magazine and Battery,None,Magazine and Battery Mods 1,Adhesive x 5 Lead x 8 Titanium x 5,Rank 2,Superior Magazine and Battery,None,Magazine and Battery Mods 1,Adhesive x 5 Lead x 8 Titanium x 5,Rank 2,Superior Magazine and Battery,None,Magazine and Battery Mods 1,Adhesive x 5 Lead x 8 Titanium x 5,Rank 2,Superior Magazine and Battery,None
Magazine and Battery Mods 2,Isocentered Magnet x 3 Tau Grade Rheostat x 3 Uranium x 4 Lead x 8 Adhesive x 4,,Superior Magazine and Battery,Magazine and Battery Mods 1,Magazine and Battery Mods 2,Isocentered Magnet x 3 Tau Grade Rheostat x 3 Uranium x 4 Lead x 8 Adhesive x 4,,Superior Magazine and Battery,Magazine and Battery Mods 1,Magazine and Battery Mods 2,Isocentered Magnet x 3 Tau Grade Rheostat x 3 Uranium x 4 Lead x 8 Adhesive x 4,,Superior Magazine and Battery,Magazine and Battery Mods 1,Magazine and Battery Mods 2,Isocentered Magnet x 3 Tau Grade Rheostat x 3 Uranium x 4 Lead x 8 Adhesive x 4,,Superior Magazine and Battery,Magazine and Battery Mods 1,Magazine and Battery Mods 2,Isocentered Magnet x 3 Tau Grade Rheostat x 3 Uranium x 4 Lead x 8 Adhesive x 4,,Superior Magazine and Battery,Magazine and Battery Mods 1
Magazine and Battery Mods 3,Positron Battery x 3 Toxin x 8 Ytterbium x 8 Lead x 12 Adhesive x 8,Weapon Engineering Rank 3 Special Projects Rank 1,Superior Magazine and Battery,Magazine and Battery Mods 2,Magazine and Battery Mods 3,Positron Battery x 3 Toxin x 8 Ytterbium x 8 Lead x 12 Adhesive x 8,Weapon Engineering Rank 3 Special Projects Rank 1,Superior Magazine and Battery,Magazine and Battery Mods 2,Magazine and Battery Mods 3,Positron Battery x 3 Toxin x 8 Ytterbium x 8 Lead x 12 Adhesive x 8,Weapon Engineering Rank 3 Special Projects Rank 1,Superior Magazine and Battery,Magazine and Battery Mods 2,Magazine and Battery Mods 3,Positron Battery x 3 Toxin x 8 Ytterbium x 8 Lead x 12 Adhesive x 8,Weapon Engineering Rank 3 Special Projects Rank 1,Superior Magazine and Battery,Magazine and Battery Mods 2,Magazine and Battery Mods 3,Positron Battery x 3 Toxin x 8 Ytterbium x 8 Lead x 12 Adhesive x 8,Weapon Engineering Rank 3 Special Projects Rank 1,Superior Magazine and Battery,Magazine and Battery Mods 2
Muzzle Mods 1,Sealant x 5 Titanium x 5 Tungsten x 10,Rank 1,Improved Muzzle,None,Muzzle Mods 1,Sealant x 5 Titanium x 5 Tungsten x 10,Rank 1,Improved Muzzle,None,Muzzle Mods 1,Sealant x 5 Titanium x 5 Tungsten x 10,Rank 1,Improved Muzzle,None,Muzzle Mods 1,Sealant x 5 Titanium x 5 Tungsten x 10,Rank 1,Improved Muzzle,None,Muzzle Mods 1,Sealant x 5 Titanium x 5 Tungsten x 10,Rank 1,Improved Muzzle,None
Muzzle Mods 2,Zero Wire x 3 Tantalum x 4 Titanium x 4 Polymer x 4,Rank 1,Improved Muzzle,Muzzle Mods 1,Muzzle Mods 2,Zero Wire x 3 Tantalum x 4 Titanium x 4 Polymer x 4,Rank 1,Improved Muzzle,Muzzle Mods 1,Muzzle Mods 2,Zero Wire x 3 Tantalum x 4 Titanium x 4 Polymer x 4,Rank 1,Improved Muzzle,Muzzle Mods 1,Muzzle Mods 2,Zero Wire x 3 Tantalum x 4 Titanium x 4 Polymer x 4,Rank 1,Improved Muzzle,Muzzle Mods 1,Muzzle Mods 2,Zero Wire x 3 Tantalum x 4 Titanium x 4 Polymer x 4,Rank 1,Improved Muzzle,Muzzle Mods 1
Muzzle Mods 3,Isotopic Coolant x 4 Ytterbium x4 Titanium x 8 Polymer x 4 Adhesive x 8,Weapon Engineering Rank 3 Special Projects Rank 1,Improved Muzzle,Muzzle Mods 2,Muzzle Mods 3,Isotopic Coolant x 4 Ytterbium x4 Titanium x 8 Polymer x 4 Adhesive x 8,Weapon Engineering Rank 3 Special Projects Rank 1,Improved Muzzle,Muzzle Mods 2,Muzzle Mods 3,Isotopic Coolant x 4 Ytterbium x4 Titanium x 8 Polymer x 4 Adhesive x 8,Weapon Engineering Rank 3 Special Projects Rank 1,Improved Muzzle,Muzzle Mods 2,Muzzle Mods 3,Isotopic Coolant x 4 Ytterbium x4 Titanium x 8 Polymer x 4 Adhesive x 8,Weapon Engineering Rank 3 Special Projects Rank 1,Improved Muzzle,Muzzle Mods 2,Muzzle Mods 3,Isotopic Coolant x 4 Ytterbium x4 Titanium x 8 Polymer x 4 Adhesive x 8,Weapon Engineering Rank 3 Special Projects Rank 1,Improved Muzzle,Muzzle Mods 2
Optic and Laser Mods 1,Aluminum x 3 Chlorosilanes x 2 Sealant x 3,None,Optic Mods Laser Mods,None,Optic and Laser Mods 1,Aluminum x 3 Chlorosilanes x 2 Sealant x 3,None,Optic Mods Laser Mods,None,Optic and Laser Mods 1,Aluminum x 3 Chlorosilanes x 2 Sealant x 3,None,Optic Mods Laser Mods,None,Optic and Laser Mods 1,Aluminum x 3 Chlorosilanes x 2 Sealant x 3,None,Optic Mods Laser Mods,None,Optic and Laser Mods 1,Aluminum x 3 Chlorosilanes x 2 Sealant x 3,None,Optic Mods Laser Mods,None
Optic and Laser Mods 2,Adhesive x 8 Aluminum x 10 Chlorosilanes x 8 Zero Wire x 8,Rank 1,Improved Optic Mods Improved Laser Mods,Optic and Laser Mods 1,Optic and Laser Mods 2,Adhesive x 8 Aluminum x 10 Chlorosilanes x 8 Zero Wire x 8,Rank 1,Improved Optic Mods Improved Laser Mods,Optic and Laser Mods 1,Optic and Laser Mods 2,Adhesive x 8 Aluminum x 10 Chlorosilanes x 8 Zero Wire x 8,Rank 1,Improved Optic Mods Improved Laser Mods,Optic and Laser Mods 1,Optic and Laser Mods 2,Adhesive x 8 Aluminum x 10 Chlorosilanes x 8 Zero Wire x 8,Rank 1,Improved Optic Mods Improved Laser Mods,Optic and Laser Mods 1,Optic and Laser Mods 2,Adhesive x 8 Aluminum x 10 Chlorosilanes x 8 Zero Wire x 8,Rank 1,Improved Optic Mods Improved Laser Mods,Optic and Laser Mods 1
Optic and Laser Mods 3,Zero Wire x 8 Vanadium x 16 Iridium x 16 Adhesive x 16,Rank 2,Improved Optic Mods Improved Laser Mods,Optic and Laser Mods 2,Optic and Laser Mods 3,Zero Wire x 8 Vanadium x 16 Iridium x 16 Adhesive x 16,Rank 2,Improved Optic Mods Improved Laser Mods,Optic and Laser Mods 2,Optic and Laser Mods 3,Zero Wire x 8 Vanadium x 16 Iridium x 16 Adhesive x 16,Rank 2,Improved Optic Mods Improved Laser Mods,Optic and Laser Mods 2,Optic and Laser Mods 3,Zero Wire x 8 Vanadium x 16 Iridium x 16 Adhesive x 16,Rank 2,Improved Optic Mods Improved Laser Mods,Optic and Laser Mods 2,Optic and Laser Mods 3,Zero Wire x 8 Vanadium x 16 Iridium x 16 Adhesive x 16,Rank 2,Improved Optic Mods Improved Laser Mods,Optic and Laser Mods 2
Receiver Mods 1,Isotopic Coolant x 5 Lubricant x 10 Microsecond Regulator x 3 Titanium x 30 Ytterbium x 30,Rank 1,Cutting-edge Receiver,None,Receiver Mods 1,Isotopic Coolant x 5 Lubricant x 10 Microsecond Regulator x 3 Titanium x 30 Ytterbium x 30,Rank 1,Cutting-edge Receiver,None,Receiver Mods 1,Isotopic Coolant x 5 Lubricant x 10 Microsecond Regulator x 3 Titanium x 30 Ytterbium x 30,Rank 1,Cutting-edge Receiver,None,Receiver Mods 1,Isotopic Coolant x 5 Lubricant x 10 Microsecond Regulator x 3 Titanium x 30 Ytterbium x 30,Rank 1,Cutting-edge Receiver,None,Receiver Mods 1,Isotopic Coolant x 5 Lubricant x 10 Microsecond Regulator x 3 Titanium x 30 Ytterbium x 30,Rank 1,Cutting-edge Receiver,None
Receiver Mods 2,,,Cutting-edge Receiver,Receiver Mods 1,Receiver Mods 2,,,Cutting-edge Receiver,Receiver Mods 1,Receiver Mods 2,,,Cutting-edge Receiver,Receiver Mods 1,Receiver Mods 2,,,Cutting-edge Receiver,Receiver Mods 1,Receiver Mods 2,,,Cutting-edge Receiver,Receiver Mods 1
